{"cameraMode":{"drawMode":0,"name":"Shaded","section":"Shading Mode"},"sceneLighting":true,"audioPlay":false,"sceneViewState":{"m_AlwaysRefresh":true,"showFog":true,"showSkybox":true,"showFlares":true,"showImageEffects":true,"showParticleSystems":true,"showVisualEffectGraphs":true,"m_FxEnabled":true},"in2DMode":false,"pivot":{"x":-0.9917693138122559,"y":-1.2343347072601319,"z":-20.018169403076173},"rotation":{"x":0.12402649968862534,"y":-0.049096833914518359,"z":0.006144338753074408,"w":0.9910445809364319},"size":6.323797225952148,"orthographic":false}